,,,,,LV#1 Mission Readiness Event Matrix,,,,,,,,,,,,,,,,,,,,,,,,,,,,,,,,,,,,,,,,,,,,,,,,,,,,,,,,,,,,,,,,,,,,,,,,,,,,,,,,,,,,,,,,,,
,,,,,,,,,,,,,,,,,,,,,,,,,,,,,,,,,,,,,,,,,,,,,,,,,,,,,,,,,,,,,,,,,,,,,,,,,,,,,,,,,,,,,,,,,,,,,,,
Element,,,,,Inertial Measurement Unit,,,,,,Battery,,,,,,Nozzle Control,,,,,,Booster Segment,,,,,,,,,JPSS-1 Payload,,,,,,,,,,Ground Support Equipment,,,,,System Level,,,,,,,,,,,,,,,,,,,,,,,,,,,,,,,,,,,,,,,,,,,,,,,,
Verification Event Number,,,,,LV#1-1001-IMU,LV#1-1000-IMU,LV#1-1002-IMU,LV#1-1003-IMU,LV#1-1004-IMU,LV#1-1005-IMU,LV#1-1006-Batt,LV#1-1007-Batt,LV#1-1008-Batt,LV#1-1009-Batt,LV#1-1010-Batt,LV#1-1011-Batt,LV#1-1012-FTS,LV#1-1013-FTS,LV#1-1014-FTS,LV#1-1015-FTS,LV#1-1016-FTS,LV#1-1017-FTS,LV#1-1018-S1BST,LV#1-1019-S1BST,LV#1-1020-S1BST,LV#1-1021-S1BST,LV#1-1022-S1BST,LV#1-1023-S1BST,LV#1-1024-S1BST,LV#1-1025-S1BST,LV#1-1026-S1BST,LV#1-1030-PLD,LV#1-1031-PLD,LV#1-1032-PLD,LV#1-1033-PLD,LV#1-1034-PLD,LV#1-1035-PLD,LV#1-1036-PLD,LV#1-1038-PLD,LV#1-1039-PLD,LV#1-1037-PLD,LV#1-1060-GSS,LV#1-1061-GSS,LV#1-1062-GSS,LV#1-1063-GSS,LV#1-1064-GSS,LV#1-1065-SYS,LV#1-1066-SYS,LV#1-1067-SYS,LV#1-1068-SYS,LV#1-1069-SYS,LV#1-1071-SYS,LV#1-1072-SYS,LV#1-1070-SYS,,,,,,,,,,,,,,,,,,,,,,,,,,,,,,,,,,,,,,,,,
Verification Event Title,,,,,IMU Mass Properties,IMU Design and Construction,IMU Load Deflection,IMU Reliability Analysis,IMU Load Dynamics Test,IMU End-to-End Test,Battery Mass Properties,Battery Design and Construction,Battery Load Deflection,Battery Reliability Analysis,Battery Load Dynamics Test,Vendor Battery Test,FTS Mass Properties,FTS Design and Construction,FTS Load Deflection,FTS Reliability Analysis,FTS Electrical Interface Test,Flight Termination System Performance Test,Booster Mass Properties,Booster-to-PLD Interface Test,Booster Design and Construction,Booster Thermal Test,Booster TVC Performance Test,Booster  Propellent Coupon Test,Booster Reliability Analysis,Launch Through Acquisition Analysis,Trajectory Analysis,Payload Design and Construction Inspection,Payload Thermal Test,Payload Shock and Vibration Test,Payload Ascent Pressure Profile Test,Payload Mass Properties Test,Constellation Assessment Analysis,Payload Orbit Analysis,Payload Reliability Test,Payload Functional Verfication Test,Payload Reliability Analysis,Ground Support Launch Site Transporation and Handling Inspection,Ground Support Launch Site RF Data Transmission,Ground Support Launch Site Thermal Test,Ground Support Launch Site Ground Control System Thermal Analysis,Simulated Subsystem Power-up Test,System-level Monte Carlo Analysis,Range Interface Test,Range Abort/ Orderly Shut Down Test,Range Pre-launch Functional Test,Range Missile Communication Test,VAFB Air Vehicle to Range Interface Test,Post-Mission Data Analysis,VAFB Launch Vehicle Power-up Test,,,,,,,,,,,,,,,,,,,,,,,,,,,,,,,,,,,,,,,,,
Count,,,,,5,3,3,3,2,21,5,2,1,7,6,14,7,3,8,3,14,18,2,7,4,5,10,6,3,7,14,5,3,7,6,3,6,11,13,10,8,2,8,10,4,14,19,8,5,8,15,15,5,12,,,,,,,,,,,,,,,,,,,,,,,,,,,,,,,,,,,,,,,,,
Reqt Num,Para Num,Requirement Name,Verif Meth,EA,,,,,,,,,,,,,,,,,,,,,,,,,,,,,,,,,,,,,,,,,,,,,,,,,,,,,,,,,,,,,,,,,,,,,,,,,,,,,,,,,,,,,,,,,,,
SYS-001,3.1,"Fire, Volcano, and Oil Tracking.",Analysis;Demo;,4,,,,,,,,,,,,,,,,,,,,,,,,,,,,,,,,,,,,,,,,,,,SYS-001,,SYS-001,,,SYS-001,SYS-001,,,,,,,,,,,,,,,,,,,,,,,,,,,,,,,,,,,,,,,,,,
SYS-002,3.2,Field Terminal Data Transmission,Analysis;Demo;,3,,,,,,,,,,,,,SYS-002,,,,,,,,,,,,,,,,,,,,,,,,,,,,,,SYS-002,,,,,,SYS-002,,,,,,,,,,,,,,,,,,,,,,,,,,,,,,,,,,,,,,,,,,
SYS-003,3.3,Long-term Climate Observations and Critical Environmental Data Products,Analysis;Demo;,3,,,,,,,,,,,,,SYS-003,,,,,,,,,,,,,,,,,,,,,,,,,,,,,,SYS-003,,,,,,SYS-003,,,,,,,,,,,,,,,,,,,,,,,,,,,,,,,,,,,,,,,,,,
SYS-004,3.4,Seeker Cooldown Time,,4,SYS-004,,,,,,,,,,,,,,,,,,,,,,,,,,,,SYS-004,,,,,,,,,,,,,,,,,,,SYS-004,SYS-004,,,,,,,,,,,,,,,,,,,,,,,,,,,,,,,,,,,,,,,,,,
SYS-005,3.5,System Probability of Acquisition,Analysis,2,,,,,,,,,,,,,,,,,,,,,,,,,,,,,,,,,,,,,,,,,,,SYS-005,,,,,,SYS-005,,,,,,,,,,,,,,,,,,,,,,,,,,,,,,,,,,,,,,,,,,
SYS-006,3.6,System Probability of Detection,Test;,2,SYS-006,,,,,,,,,,,,,,,,,,,,,,,,,,,,,,,,,,,,,,,,,,SYS-006,,,,,,,,,,,,,,,,,,,,,,,,,,,,,,,,,,,,,,,,,,,,,,,,
SYS-007,3.7,System Probability of Hit,,1,,,,,,,,,,,,,,,,,,,,,,,,,,,,,,,,,,,,,,,,,,,SYS-007,,,,,,,,,,,,,,,,,,,,,,,,,,,,,,,,,,,,,,,,,,,,,,,,
SYS-008,3.8,RF Emitter General Design Requirements,Test,4,,,,,,,,,,,,,,,,,,,,,,,,,,,,,,,,,,,,,,,,,,,,SYS-008,,,SYS-008,SYS-008,,SYS-008,,,,,,,,,,,,,,,,,,,,,,,,,,,,,,,,,,,,,,,,,
SYS-009,3.9,Special Considerations for Electroexplosive Subsystem Exposure to RF Radiation.,Test;,5,,,,,,,,,,,,,,,,,,,,,,,,,,,,,,,,,,,,,,,,,,,,SYS-009,SYS-009,,SYS-009,SYS-009,,SYS-009,,,,,,,,,,,,,,,,,,,,,,,,,,,,,,,,,,,,,,,,,
SYS-010,4,Special Considerations for Electroexplosive Subsystem Exposure to RF Radiation.,Inspection,5,SYS-010,,,,,,SYS-010,,,,,,,,,,,,,,,,,,,,,,,,,,,,,,,,,,,,,SYS-010,SYS-010,,,SYS-010,,,,,,,,,,,,,,,,,,,,,,,,,,,,,,,,,,,,,,,,,,,
SYS-011,4.1,Special Considerations for Electroexplosive Subsystem Exposure to RF Radiation.,Inspection,3,,,,,,,,,,,,,,,,,,,,,,,,,,,,,,,,,,,,,,,,,,,,,SYS-011,,SYS-011,SYS-011,,,,,,,,,,,,,,,,,,,,,,,,,,,,,,,,,,,,,,,,,,,
SYS-012,4.2,Special Considerations for Electroexplosive Subsystem Exposure to RF Radiation.,Inspection;,3,,,,,,,,,,,,,,,,,,,,,,,,,,,,,,,,,,,,,,,,,,,,,SYS-012,,,SYS-012,,SYS-012,,,,,,,,,,,,,,,,,,,,,,,,,,,,,,,,,,,,,,,,,
SYS-013,4.3,System Ka-band Emitter Requirements,Inspection,4,SYS-013,,,,,,,,,,,,,,,,,,,,,,,,,,,,,,,,,,SYS-013,,,,,,,,,,,,SYS-013,SYS-013,,,,,,,,,,,,,,,,,,,,,,,,,,,,,,,,,,,,,,,,,,,
SYS-014,4.4,System Ka-band Emitter Requirements,Inspection,2,,,,,,,,,,,,,,,,,,,,,,,,,,,,,,,,,,,,,,,,,,,,,,,,SYS-014,,SYS-014,,,,,,,,,,,,,,,,,,,,,,,,,,,,,,,,,,,,,,,,,
SYS-015,4.5,System Ka-band Emitter Requirements,,2,,,,,,,,,,,,,,,,,,,,,,,,,,,,,,,,,,,,,,,,,,,,,,,,SYS-015,,SYS-015,,,,,,,,,,,,,,,,,,,,,,,,,,,,,,,,,,,,,,,,,
SYS-016,4.6,Seeker Hold Time,Demonstration,2,,,,,,,,,,,,,,,,,,,,,,,,,,,,,SYS-016,,,,,,,,,,,,,,,,,,,SYS-016,,,,,,,,,,,,,,,,,,,,,,,,,,,,,,,,,,,,,,,,,,,
SYS-017,4.7,System Ka-band Emitter RF Requirements,Demonstration,2,,,,,,,,,,,,,,,,,,,,,,,,,,,,,,,,,,,,,,,,,,,,SYS-017,,,SYS-017,,,,,,,,,,,,,,,,,,,,,,,,,,,,,,,,,,,,,,,,,,,,
SYS-018,4.8,RF Emitter Design and Test Data,Demonstration,3,,,,,,,,,,,,,,,,,,,,,,,,,,,,,,,,,,,,,,,,,,,,SYS-018,,,,SYS-018,,SYS-018,,,,,,,,,,,,,,,,,,,,,,,,,,,,,,,,,,,,,,,,,
SYS-019,4.9,Laser System Design Standards,Demonstration,3,,,,,,,,,,,,,,,,,,,,,,,,,,,,,,,,,,,,,,,,,,,,SYS-019,,SYS-019,,,,SYS-019,,,,,,,,,,,,,,,,,,,,,,,,,,,,,,,,,,,,,,,,,
SYS-020,5,System Reliability,Test,2,,,,,,,,,,,,,,,,,,,,,,,,,,,,,,,,,,,SYS-020,,,,,,,,,,,,,SYS-020,,,,,,,,,,,,,,,,,,,,,,,,,,,,,,,,,,,,,,,,,,,
SYS-021,5.1,Single Point Failure,,2,,,,,,,,,,,,,,,,,,,,,,,,,,,,,,,,,,,,,,,,,,,,SYS-021,,SYS-021,,,,,,,,,,,,,,,,,,,,,,,,,,,,,,,,,,,,,,,,,,,,,
SYS-022,5.2,Fratricide,Test,1,,,,,,,,,,,,,,,,,,,,,,,,,,,,,,,,,,,,,,,,,,,,,,SYS-022,,,,,,,,,,,,,,,,,,,,,,,,,,,,,,,,,,,,,,,,,,,,,
SYS-023,5.3,Bent Pin,Test,2,,,,,,,,,,,,,,,,,,,,,,,,,,,,,,,,,,,,,,,,,,,,,,SYS-023,SYS-023,,,,,,,,,,,,,,,,,,,,,,,,,,,,,,,,,,,,,,,,,,,,
SYS-024,5.4,Radio Frequency (RF) Link,Test,3,,,,,,,,,,,,,,,,,,,,,,,,,,,,,,,,,,,,,,,,,,,,SYS-024,,SYS-024,,SYS-024,,,,,,,,,,,,,,,,,,,,,,,,,,,,,,,,,,,,,,,,,,,
SYS-025,5.5,Sneak Circuit,Test,2,,,,,,,,,,,,,,,,,,,,,,,,,,,,,,,,,,,,,,,,,,,,,,SYS-025,,SYS-025,,,,,,,,,,,,,,,,,,,,,,,,,,,,,,,,,,,,,,,,,,,
SYS-026,5.6,System Safety,Analysis;,3,,,,,,,,,,,,,,,,,,,,,,,,,,,,,,,,,,,SYS-026,,,,,,,,,,,SYS-026,SYS-026,,,,,,,,,,,,,,,,,,,,,,,,,,,,,,,,,,,,,,,,,,,,
BVICD-001,3.1,Connectors and Adapters,,5,,,,,,,,,,,,,,,,,,,,,BVICD-001,BVICD-001,BVICD-001,,,,,,,,,,,,,BVICD-001,,,BVICD-001,,,,,,,,,,,,,,,,,,,,,,,,,,,,,,,,,,,,,,,,,,,,,,,,,,,,
BVICD-002,3.2,GSS Backwards Compatibility,Analysis,3,,,,,,,,,,,,,,,,,,,,,,,BVICD-002,,,,,,,,,,,,,BVICD-002,,,,BVICD-002,,,,,,,,,,,,,,,,,,,,,,,,,,,,,,,,,,,,,,,,,,,,,,,,,,,
BVICD-003,3.3,Terminations,Analysis,4,,,,,,,,,,,,,,,,,,,,,BVICD-003,,,,,,,,,,,,,,,,,,,BVICD-003,,,,,,BVICD-003,,,,BVICD-003,,,,,,,,,,,,,,,,,,,,,,,,,,,,,,,,,,,,,,,,,
BVICD-004,3.4,Attenuators,Analysis,1,,,,,,,,,,,,,,,,,,,,,,,,,,,,,,,,,,,,,,,BVICD-004,,,,,,,,,,,,,,,,,,,,,,,,,,,,,,,,,,,,,,,,,,,,,,,,,,,,
BVICD-005,3.5,Directional Couplers,,3,,,,,,,,,,,,,,,,,,,,BVICD-005,,BVICD-005,,,,,,,,,,,,,,,,,BVICD-005,,,,,,,,,,,,,,,,,,,,,,,,,,,,,,,,,,,,,,,,,,,,,,,,,,,,
BVICD-006,3.6,Splitters and Combiners,Test,3,,,,,,,,,,,,,,,,,,,,BVICD-006,,,BVICD-006,,,,,,,,,,,,,,,,,BVICD-006,,,,,,,,,,,,,,,,,,,,,,,,,,,,,,,,,,,,,,,,,,,,,,,,,,,
BVICD-007,3.7,Transmit Antennas,Test,2,,,,,,,,,,,,,,,,,,,,,BVICD-007,,,,,,,,,,,,,,,,,,,,BVICD-007,,,,,,,,,,,,,,,,,,,,,,,,,,,,,,,,,,,,,,,,,,,,,,,,,,
BVICD-008,3.8,Blade Antenna,,2,,,,,,,,,,,,,,,,,,,,,BVICD-008,,,,,,,,,,,,,,,,,,,BVICD-008,,,,,,,,,,,,,,,,,,,,,,,,,,,,,,,,,,,,,,,,,,,,,,,,,,,
BVICD-009,3.9,Slot Antenna,Test,1,,,,,,,,,,,,,,,,,,,,,,,,,,,,,,,,,,,,,,,,BVICD-009,,,,,,,,,,,,,,,,,,,,,,,,,,,,,,,,,,,,,,,,,,,,,,,,,,,
BVICD-010,4,Conformal Antenna,Inspection,2,,,,,,,,,,,,,,,,,,,,,,BVICD-010,,,,,,,,,,,,,,,,,BVICD-010,,,,,,,,,,,,,,,,,,,,,,,,,,,,,,,,,,,,,,,,,,,,,,,,,,,,
BVICD-011,4.1,Booster Ka-band Antenna Characteristics,Inspection,4,,,,,,,,,,,,,,,,,,,,BVICD-011,,,BVICD-011,,,,,,,,,,,,BVICD-011,,,,,,BVICD-011,,,,,,,,,,,,,,,,,,,,,,,,,,,,,,,,,,,,,,,,,,,,,,,,,,
BVICD-012,4.2,Operating Frequency,Inspection,4,,,,,,,,,,,,,,,,,,,,,,BVICD-012,,,,,,,,,,,,,,,,,,,BVICD-012,BVICD-012,,,,,,,,BVICD-012,,,,,,,,,,,,,,,,,,,,,,,,,,,,,,,,,,,,,,,,,
BVICD-013,4.3,Impedance,Inspection,4,,,,,,,,,,,,,,,,,,,,,,,BVICD-013,,,,,,,,,,,,,,,,BVICD-013,,BVICD-013,BVICD-013,,,,,,,,,,,,,,,,,,,,,,,,,,,,,,,,,,,,,,,,,,,,,,,,,
BVICD-014,4.4,Voltage Standing Wave Ratio (VSWR).,Inspection,5,,,,,,,,,,,,,,,,,,,,BVICD-014,,BVICD-014,,,,,,BVICD-014,,,,,,,,,,,BVICD-014,,,BVICD-014,,,,,,,,,,,,,,,,,,,,,,,,,,,,,,,,,,,,,,,,,,,,,,,,,
BVICD-015,4.5,Battery Max Power Capacity,Demo;,3,,,,,,,,,,,,BVICD-015,,,,,,,,,,,,,,,,,,,,,,,,,,,,,,BVICD-015,,,,,,,,BVICD-015,,,,,,,,,,,,,,,,,,,,,,,,,,,,,,,,,,,,,,,,,
BVICD-016,4.6,Connector Types,Demonstration,4,,,,,,,,,,,,,,,,,,,,,,,,,,,,BVICD-016,,,,,,,,,,BVICD-016,BVICD-016,,,BVICD-016,,,,,,,,,,,,,,,,,,,,,,,,,,,,,,,,,,,,,,,,,,,,,,,,,
BVICD-017,4.7,Vehicle Coordinate System,Demonstration,1,,,,,,,,,,,,,,,,,,,,,,,,,,,,,,,,,,,,,,BVICD-017,,,,,,,,,,,,,,,,,,,,,,,,,,,,,,,,,,,,,,,,,,,,,,,,,,,,,
BVICD-018,4.8,Booster Ka-band Antenna Pattern,Demonstration,2,,,,,,,,,,,,,,,,,,,,,,,,,,,,BVICD-018,,,,,,,,,,,,,,BVICD-018,,,,,,,,,,,,,,,,,,,,,,,,,,,,,,,,,,,,,,,,,,,,,,,,,
BVICD-019,4.9,Antenna Radiation Distribution Table (ARDT).,,1,,,,,,,,,,,,,,,,,,,,,,,,,,,,,,,,,,,,,,,BVICD-019,,,,,,,,,,,,,,,,,,,,,,,,,,,,,,,,,,,,,,,,,,,,,,,,,,,,
BVICD-020,3.2.1.2,GS Secure Data Transmission,Analysis;Inspection;Demo;,1,,,,,,,,,,,,,,,,,,,,BVICD-020,,,,,,,,,,,,,,,,,,,,,,,,,,,,,,,,,,,,,,,,,,,,,,,,,,,,,,,,,,,,,,,,,,,,,,,
JPSS_003,6.1.1.1,Mission Life,Analysis;,1,,,,,,,,,,,,,,,,,,,,,,,,,,,,JPSS_003,,,,,,,,,,,,,,,,,,,,,,,,,,,,,,,,,,,,,,,,,,,,,,,,,,,,,,,,,,,,,,,
JPSS_005,6.1.1.3,Payload Reliability,,2,,,,,,,,,,,,,,,,,,,,,,,,,,,,,,,,,,,JPSS_005,,JPSS_005,,,,,,,,,,,,,,,,,,,,,,,,,,,,,,,,,,,,,,,,,,,,,,,,,,,,,,
JPSS_006,6.1.1.4,Orbit,Analysis;,1,,,,,,,,,,,,,,,,,,,,,,,,,,,,,,,,,JPSS_006,,,,,,,,,,,,,,,,,,,,,,,,,,,,,,,,,,,,,,,,,,,,,,,,,,,,,,,,,,
JPSS_007,6.1.1.5,Mission Risk Classification,Analysis,1,,,,,,,,,,,,,,,,,,,,,,,,,,,,,,,,,JPSS_007,,,,,,,,,,,,,,,,,,,,,,,,,,,,,,,,,,,,,,,,,,,,,,,,,,,,,,,,,,
JPSS_008,6.1.1.6,Launch Vehicle Risk Category,Inspection;,1,,,,,,,,,,,,,,,,,,,,,,,,,,,,,,,,,JPSS_008,,,,,,,,,,,,,,,,,,,,,,,,,,,,,,,,,,,,,,,,,,,,,,,,,,,,,,,,,,
JPSS_009,6.1.1.7,Payload Ka-band Data Transmission,,6,,,,,,,,,,,,,,,,,,,,,,,,,,,,JPSS_009,,,,,JPSS_009,JPSS_009,JPSS_009,JPSS_009,JPSS_009,,,,,,,,,,,,,,,,,,,,,,,,,,,,,,,,,,,,,,,,,,,,,,,,,,,,,,
JPSS_011,6.1.2.1,Instrument Payload,Analysis;,1,,,,,,,,,,,,,,,,,,,,,,,,,,,,,,,,,,,,JPSS_011,,,,,,,,,,,,,,,,,,,,,,,,,,,,,,,,,,,,,,,,,,,,,,,,,,,,,,,
JPSS_013,6.1.2.3,Payload Ka-band Emitter Data Requirements,Analysis;,3,,,,,,,,,,,,,,,,,,,,,,,,,,,,,,JPSS_013,,,,,JPSS_013,JPSS_013,,,,,,,,,,,,,,,,,,,,,,,,,,,,,,,,,,,,,,,,,,,,,,,,,,,,,,,
JPSS_014,6.1.2.4,X-band Data Transmission,Inspection;,1,,,,,,,,,,,,,,,,,,,,,,,,,,,,,,,,,,,,JPSS_014,,,,,,,,,,,,,,,,,,,,,,,,,,,,,,,,,,,,,,,,,,,,,,,,,,,,,,,
JPSS_015,6.1.2.5,Data Processing Transmission,Inspection;,2,,,,,,,,,,,,,,,,,,,,,,,,,,,,,,,,,,JPSS_015,,JPSS_015,,,,,,,,,,,,,,,,,,,,,,,,,,,,,,,,,,,,,,,,,,,,,,,,,,,,,,,
JPSS_016,6.1.2.6,Terrain Grazing Angle,Inspection,2,,,,,,,,,,,,,,,,,,,,,,,,,,,,,,,,,JPSS_016,JPSS_016,,,,,,,,,,,,,,,,,,,,,,,,,,,,,,,,,,,,,,,,,,,,,,,,,,,,,,,,,
JPSS_017,6.1.2.7,Object Exclusion Angle,Inspection,2,,,,,,,,,,,,,,,,,,,,,,,,,,,,,,,,,JPSS_017,JPSS_017,,,,,,,,,,,,,,,,,,,,,,,,,,,,,,,,,,,,,,,,,,,,,,,,,,,,,,,,,
JPSS_019,6.1.3.1,Elevation Rise-Set Angle,Analysis,1,,,,,,,,,,,,,,,,,,,,,,,,,,,,,,,,,,JPSS_019,,,,,,,,,,,,,,,,,,,,,,,,,,,,,,,,,,,,,,,,,,,,,,,,,,,,,,,,,
JPSS_021,6.1.3.3,Sensor Boresight Grazing,Analysis,1,,,,,,,,,,,,,,,,,,,,,,,,,,,,,,,,,,JPSS_021,,,,,,,,,,,,,,,,,,,,,,,,,,,,,,,,,,,,,,,,,,,,,,,,,,,,,,,,,
JPSS_022,6.1.3.4,Sensor Access Refraction,Analysis,1,,,,,,,,,,,,,,,,,,,,,,,,,,,,,,,,,,JPSS_022,,,,,,,,,,,,,,,,,,,,,,,,,,,,,,,,,,,,,,,,,,,,,,,,,,,,,,,,,
JPSS_023,6.1.3.5,Azimuth Elevation Mask,Analysis,1,,,,,,,,,,,,,,,,,,,,,,,,,,,,,,,,,,JPSS_023,,,,,,,,,,,,,,,,,,,,,,,,,,,,,,,,,,,,,,,,,,,,,,,,,,,,,,,,,
JPSS_024,6.1.3.6,Geostationary Belt Exclusion Angle,Analysis,1,,,,,,,,,,,,,,,,,,,,,,,,,,,,,,,,,,JPSS_024,,,,,,,,,,,,,,,,,,,,,,,,,,,,,,,,,,,,,,,,,,,,,,,,,,,,,,,,,
JPSS_025,6.1.3.7,Height Above Horizon,Analysis,1,,,,,,,,,,,,,,,,,,,,,,,,,,,,,,,,,,JPSS_025,,,,,,,,,,,,,,,,,,,,,,,,,,,,,,,,,,,,,,,,,,,,,,,,,,,,,,,,,
JPSS_026,6.1.3.8,JPSS GS Operational Life,Analysis,1,,,,,,,,,,,,,,,,,,,,,,,,,,,,,,,,,,JPSS_026,,,,,,,,,,,,,,,,,,,,,,,,,,,,,,,,,,,,,,,,,,,,,,,,,,,,,,,,,
JPSS_027,6.1.3.9,Command and Control,Demonstration,1,,,,,,,,,,,,,,,,,,,,,,,,,,,,,,,,,,,,JPSS_027,,,,,,,,,,,,,,,,,,,,,,,,,,,,,,,,,,,,,,,,,,,,,,,,,,,,,,,
JPSS_028,6.1.3.10,CoPOES,Inspection;,1,,,,,,,,,,,,,,,,,,,,,,,,,,,,,,,,,,,,JPSS_028,,,,,,,,,,,,,,,,,,,,,,,,,,,,,,,,,,,,,,,,,,,,,,,,,,,,,,,
JPSS_029,6.1.3.11,Satellite Mass Properties,Analysis,1,,,,,,,,,,,,,,,,,,,,,,,,,,,,,,,,JPSS_029,,,,,,,,,,,,,,,,,,,,,,,,,,,,,,,,,,,,,,,,,,,,,,,,,,,,,,,,,,,
JPSS_030,6.1.3.12,Moment of Inertia,Analysis,1,,,,,,,,,,,,,,,,,,,,,,,,,,,,,,,,JPSS_030,,,,,,,,,,,,,,,,,,,,,,,,,,,,,,,,,,,,,,,,,,,,,,,,,,,,,,,,,,,
JPSS_031,6.1.3.13,Center of Gravity,Analysis,1,,,,,,,,,,,,,,,,,,,,,,,,,,,,,,,,JPSS_031,,,,,,,,,,,,,,,,,,,,,,,,,,,,,,,,,,,,,,,,,,,,,,,,,,,,,,,,,,,
JPSS_032,3.2.2.1-9,Geo-location Accuracy,Analysis;Inspection;Demo;,1,,,,,,,,,,,,,,,,,,,,,,,,,,,,,,,,,,,,JPSS_032,,,,,,,,,,,,,,,,,,,,,,,,,,,,,,,,,,,,,,,,,,,,,,,,,,,,,,,
GS-001,3.1,Bus Com. 1553 GS Unlock,Test,1,,,,,,,,,,,,,,,,,,,,,,,,,,,,,,,,,,,,,,,,,,GS-001,,,,,,,,,,,,,,,,,,,,,,,,,,,,,,,,,,,,,,,,,,,,,,,,,
GS-002,3.2,Bus Com. 1553 GS Lock,Test,1,,,,,,,,,,,,,,,,,,,,,,,,,,,,,,,,,,,,,,,,,,GS-002,,,,,,,,,,,,,,,,,,,,,,,,,,,,,,,,,,,,,,,,,,,,,,,,,
GS-003,3.3,Bus Com. 2553 GS Fire/Test,Test,1,,,,,,,,,,,,,,,,,,,,,,,,,,,,,,,,,,,,,,,,,,GS-003,,,,,,,,,,,,,,,,,,,,,,,,,,,,,,,,,,,,,,,,,,,,,,,,,
GS-004,3.4,Power Utilization,Analysis,3,,,,,,,,,,,,GS-004,,,,,,,,,,,,,,,,,,,,,,,,,,,,,,GS-004,,,,,,,,GS-004,,,,,,,,,,,,,,,,,,,,,,,,,,,,,,,,,,,,,,,,,
GS-005,3.5,Power Transfer Capability,Analysis,1,,,,,,,,,,,,,,,,,,,,,,,,,,,,,,,,,,,,,,,,,,GS-005,,,,,,,,,,,,,,,,,,,,,,,,,,,,,,,,,,,,,,,,,,,,,,,,,
GS-006,3.6,First Stage Battery Power,Analysis;Test;,2,,,,,,,,,,,,,,,,,,,,,,,,,,,,,,,,,,,,,,,,,,GS-006,,,,,,,,GS-006,,,,,,,,,,,,,,,,,,,,,,,,,,,,,,,,,,,,,,,,,
GS-007,3.7,GS Ka-band Antenna Characteristics,Analysis,3,,,,,,,,,,,,,,,,,,,,GS-007,,,,,,,,,,,,,,,GS-007,,,,,,,GS-007,,,,,,,,,,,,,,,,,,,,,,,,,,,,,,,,,,,,,,,,,,,,,,,,,
GS-008,3.8,Discrete signal noise immun.,Inspection,1,,,,,,,,,,,,,,,,,,,,,,,,,,,,,,,,,,,,,,,,,,GS-008,,,,,,,,,,,,,,,,,,,,,,,,,,,,,,,,,,,,,,,,,,,,,,,,,
GS-009,3.9,GT0 Booster signal level shift,Inspection,1,,,,,,,,,,,,,,,,,,,,,,,,,,,,,,,,,,,,,,,,,,,,,,,GS-009,,,,,,,,,,,,,,,,,,,,,,,,,,,,,,,,,,,,,,,,,,,,
GS-010,4,GT0 signal output switch,Demonstration,1,,,,,,,,,,,,,,,,,,,,,,,,,,,,,,,,,,,,,,,,,,,,,,,GS-010,,,,,,,,,,,,,,,,,,,,,,,,,,,,,,,,,,,,,,,,,,,,
GS-011,4.1,Safety Enable Output latch,Demonstration,1,,,,,,,,,,,,,,,,,,,,,,,,,,,,,,,,,,,,,,,,,,,,,,,GS-011,,,,,,,,,,,,,,,,,,,,,,,,,,,,,,,,,,,,,,,,,,,,
GS-012,4.2,GS Power Enable,Demonstration,1,,,,,,,,,,,,,,,,,,,,,,,,,,,,,,,,,,,,,,,,,,,,,,,GS-012,,,,,,,,,,,,,,,,,,,,,,,,,,,,,,,,,,,,,,,,,,,,
GS-013,4.3,Built In Test,Demonstration,1,,,,,,,,,,,,,,,,,,,,,,,,,,,,,,,,,,,,,,,,,,,,,,,GS-013,,,,,,,,,,,,,,,,,,,,,,,,,,,,,,,,,,,,,,,,,,,,
GS-014,4.4,Built In Test Reporting,Demonstration,2,,,,,,,,,,,,,,,,,,,,,,,,,,,,,,,,,,,,,,,,,,,GS-014,,,,GS-014,,,,,,,,,,,,,,,,,,,,,,,,,,,,,,,,,,,,,,,,,,,,
GS-015,4.5,BIT False Alarm Rate,Demonstration,2,,,,,,,,,,,,,,,,,,,,,,,,,,,,,,,,,,,,,,,,,,,GS-015,,,,GS-015,,,,,,,,,,,,,,,,,,,,,,,,,,,,,,,,,,,,,,,,,,,,
GS-016,4.6,28 VDC Output Power,Inspection,2,,,,,,,,,,,,,,,,,,,,,,,,,,,,,,,,,,,,,,,,,,,GS-016,,,,GS-016,,,,,,,,,,,,,,,,,,,,,,,,,,,,,,,,,,,,,,,,,,,,
GS-017,4.7,Adapter Avionics Power,Inspection,1,,,,,,,,,,,,,,,,,,,,,,,,,,,,,,,,,,,,,,,,,,,GS-017,,,,,,,,,,,,,,,,,,,,,,,,,,,,,,,,,,,,,,,,,,,,,,,,
GS-018,4.8,Avionics Power turn-on Transient,Inspection,1,,,,,,,,,,,,,,,,,,,,,,,,,,,,,,,,,,,,,,,,,,,GS-018,,,,,,,,,,,,,,,,,,,,,,,,,,,,,,,,,,,,,,,,,,,,,,,,
GS-019,4.9,Mass Properties,Test,1,,,,,,,,,,,,,,,,,,,,,,,,,,,,,,,,,,,,,,,,,,,GS-019,,,,,,,,,,,,,,,,,,,,,,,,,,,,,,,,,,,,,,,,,,,,,,,,
GS-020,5,Outline and Mounting,,1,,,,,,,,,,,,,,,,,,,,,,,,,,,,,,,,,,,,,,,,,,,GS-020,,,,,,,,,,,,,,,,,,,,,,,,,,,,,,,,,,,,,,,,,,,,,,,,
GS-021,5.1,Reliability,Analysis,3,,,,,,,,,,,,,,,,,,,,,,,,,,,,,,,,,,,GS-021,,GS-021,,,,,,GS-021,,,,,,,,,,,,,,,,,,,,,,,,,,,,,,,,,,,,,,,,,,,,,,,,
GS-022,5.2,Storage Reliability,Analysis,3,,,,,,,,,,,,,,,,,,,,,,,,,,,,,,,,,,,GS-022,,GS-022,,,,,,GS-022,,,,,,,,,,,,,,,,,,,,,,,,,,,,,,,,,,,,,,,,,,,,,,,,
GS-024,5.3,Operating Life,Analysis,1,,,,,,,,,,,,,,,,,,,,,,,,,,,,,,,,,,,,,,,,,,,GS-024,,,,,,,,,,,,,,,,,,,,,,,,,,,,,,,,,,,,,,,,,,,,,,,,
GS-025,5.4,Service Life,Test,1,,,,,,,,,,,,,,,,,,,,,,,,,,,,,,,,,,,,,,,,,,,GS-025,,,,,,,,,,,,,,,,,,,,,,,,,,,,,,,,,,,,,,,,,,,,,,,,
GS-026,5.5,Ground Operating time,Test,1,,,,,,,,,,,,,,,,,,,,,,,,,,,,,,,,,,,,,,,,,,,GS-026,,,,,,,,,,,,,,,,,,,,,,,,,,,,,,,,,,,,,,,,,,,,,,,,
GS-027,5.6,Flight Operating Time,Test,1,,,,,,,,,,,,,,,,,,,,,,,,,,,,,,,,,,,,,,,,,,,GS-027,,,,,,,,,,,,,,,,,,,,,,,,,,,,,,,,,,,,,,,,,,,,,,,,
AP-001,3.1,Bus Com. 1553 AP Unlock,Test,1,,,,,,,,,,,,,,,,,,,,,,,,,,,,,,AP-001,,,,,,,,,,,,,,,,,,,,,,,,,,,,,,,,,,,,,,,,,,,,,,,,,,,,,,,,,,,,,
AP-002,3.2,Bus Com. 1553 AP Lock,Test;,1,,,,,,,,,,,,,,,,,,,,,,,,,,,,,,AP-002,,,,,,,,,,,,,,,,,,,,,,,,,,,,,,,,,,,,,,,,,,,,,,,,,,,,,,,,,,,,,
AP-003,3.3,Bus Com. 2553 AP Fire/Test,Test,1,,,,,,,,,,,,,,,,,,,,,,,,,,,,,,AP-003,,,,,,,,,,,,,,,,,,,,,,,,,,,,,,,,,,,,,,,,,,,,,,,,,,,,,,,,,,,,,
AP-004,3.4,Power Utilization,Analysis,1,,,,,,,,,,,,,,,,,,,,,,,,,,,,,,AP-004,,,,,,,,,,,,,,,,,,,,,,,,,,,,,,,,,,,,,,,,,,,,,,,,,,,,,,,,,,,,,
AP-005,3.5,Power Transfer Capability,Analysis,1,,,,,,,,,,,,,,,,,,,,,,,,,,,,,,AP-005,,,,,,,,,,,,,,,,,,,,,,,,,,,,,,,,,,,,,,,,,,,,,,,,,,,,,,,,,,,,,
AP-006,3.6,AP Power Xrf Capability,Analysis,2,,,,,,,,,,,,,,,,,,,,,,,,,,,,,,AP-006,AP-006,,,,,,,,,,,,,,,,,,,,,,,,,,,,,,,,,,,,,,,,,,,,,,,,,,,,,,,,,,,,
AP-007,3.7,Transmit BIT 1553 Comd.,Analysis,1,,,,,,,,,,,,,,,,,,,,,,,,,,,,,,,AP-007,,,,,,,,,,,,,,,,,,,,,,,,,,,,,,,,,,,,,,,,,,,,,,,,,,,,,,,,,,,,
AP-008,3.8,Discrete signal noise immun.,Inspection,1,,,,,,,,,,,,,,,,,,,,,,,,,,,,,,,AP-008,,,,,,,,,,,,,,,,,,,,,,,,,,,,,,,,,,,,,,,,,,,,,,,,,,,,,,,,,,,,
AP-009,3.9,GT0 Booster signal level shift,Inspection,1,,,,,,,,,,,,,,,,,,,,,,,,,,,,,,,AP-009,,,,,,,,,,,,,,,,,,,,,,,,,,,,,,,,,,,,,,,,,,,,,,,,,,,,,,,,,,,,
AP-010,4,GT0 signal output switch,,1,,,,,,,,,,,,,,,,,,,,,,,,,,,,,,,AP-010,,,,,,,,,,,,,,,,,,,,,,,,,,,,,,,,,,,,,,,,,,,,,,,,,,,,,,,,,,,,
AP-011,4.1,Safety Enable Output latch,Demonstration,1,,,,,,,,,,,,,,,,,,,,,,,,,,,,,,,AP-011,,,,,,,,,,,,,,,,,,,,,,,,,,,,,,,,,,,,,,,,,,,,,,,,,,,,,,,,,,,,
AP-012,4.2,AP Power Enable,Demonstration,1,,,,,,,,,,,,,,,,,,,,,,,,,,,,,,,,,,,,,,,,AP-012,,,,,,,,,,,,,,,,,,,,,,,,,,,,,,,,,,,,,,,,,,,,,,,,,,,
AP-013,4.3,Built In Test,Demonstration,1,,,,,,,,,,,,,,,,,,,,,,,,,,,,,,,,,,,,,,,,AP-013,,,,,,,,,,,,,,,,,,,,,,,,,,,,,,,,,,,,,,,,,,,,,,,,,,,
AP-014,4.4,Built In Test Reporting,Demonstration,1,,,,,,,,,,,,,,,,,,,,,,,,,,,,,,,,,,,,,,,,AP-014,,,,,,,,,,,,,,,,,,,,,,,,,,,,,,,,,,,,,,,,,,,,,,,,,,,
AP-015,4.5,BIT False Alarm Rate,Demonstration,1,,,,,,,,,,,,,,,,,,,,,,,,,,,,,,,,,,,,,,,,AP-015,,,,,,,,,,,,,,,,,,,,,,,,,,,,,,,,,,,,,,,,,,,,,,,,,,,
AP-016,4.6,28 VDC Output Power,Inspection,1,,,,,,,,,,,,,,,,,,,,,,,,,,,,,,,,,,,,,,,,AP-016,,,,,,,,,,,,,,,,,,,,,,,,,,,,,,,,,,,,,,,,,,,,,,,,,,,
AP-021,5.1,Reliability,Analysis,2,,,,,,,,,,,,,,,,,,,,,,,,,,,,,,,,,,,AP-021,,AP-021,,,,,,,,,,,,,,,,,,,,,,,,,,,,,,,,,,,,,,,,,,,,,,,,,,,,,,
BST-022,3.2.4.1,Booster Secure Data Transmission,Analysis;Inspection;Demo;,1,,,,,,,,,,,,,,,,,,,,BST-022,,,,,,,,,,,,,,,,,,,,,,,,,,,,,,,,,,,,,,,,,,,,,,,,,,,,,,,,,,,,,,,,,,,,,,,
BST1-001,3.1,Probability of First Stage Successful Operation,Test,3,,,,,,,,,,,,,,,,,,,,,,,,BST1-001,,BST1-001,BST1-001,,,,,,,,,,,,,,,,,,,,,,,,,,,,,,,,,,,,,,,,,,,,,,,,,,,,,,,,,,,,,,,,
BST1-002,3.2,Booster TVC Performance,Test,3,,,,,,,,,,,,,,,,,,,,,,,BST1-002,BST1-002,,,BST1-002,,,,,,,,,,,,,,,,,,,,,,,,,,,,,,,,,,,,,,,,,,,,,,,,,,,,,,,,,,,,,,,,
BST1-003,3.3,Booster Backwards Compatibility,Test,3,,,,,,,,,,,,,,,,,,,,,,,BST1-003,BST1-003,,BST1-003,,,,,,,,,,,,,,,,,,,,,,,,,,,,,,,,,,,,,,,,,,,,,,,,,,,,,,,,,,,,,,,,,
BST1-004,3.4,Probability of Solid Rocket Motor Ignition,Test,3,,,,,,,,,,,,,,,,,,,,,,,BST1-004,,,BST1-004,BST1-004,,,,,,,,,,,,,,,,,,,,,,,,,,,,,,,,,,,,,,,,,,,,,,,,,,,,,,,,,,,,,,,,
BST1-005,3.5,Booster Acceleration Profile,Test,2,,,,,,,,,,,,,,,,,,,,,,,BST1-005,,,,,,,,,,,,,,,,,,,,,,,,,,,,,,,,,,,,,,,,,,,,,,,,,,,,,,,,,,,,,,,,,,,,
BST1-006,3.6,Booster RF Emitter General Design Requirements,Test,2,,,,,,,,,,,,,,,,,,,,,,,BST1-006,,,,BST1-006,,,,,,,,,,,,,,,,,,,,,,,,,,,,,,,,,,,,,,,,,,,,,,,,,,,,,,,,,,,,,,,,
BST1-007,3.7,Booster RF Emitter General Design Requirements,Analysis,2,,,,,,,,,,,,,,,,,,,,,,,,BST1-007,,BST1-007,,,,,,,,,,,,,,,,,,,,,,,,,,,,,,,,,,,,,,,,,,,,,,,,,,,,,,,,,,,,,,,,,
BST1-008,3.8,Booster RF Emitter General Design Requirements,Analysis,1,,,,,,,,,,,,,,,,,,,,,,,,,BST1-008,,,,,,,,,,,,,,,,,,,,,,,,,,,,,,,,,,,,,,,,,,,,,,,,,,,,,,,,,,,,,,,,,,
BST1-009,3.9,Booster Position Error,Analysis,2,,,,,,,,,,,,,,,,,,,,,,,,BST1-009,,,,,,,,,,,,,,,,,,,,,,,,,,,,,,,,,,,,,,,,,,,,,,,,,,,,,,,,,,,,,,,,,,,
BST1-011,4.1,Probability of Successful Thrust Vector Control,Analysis,2,,,,,,,,,,,,,,,,,,,,,,,,,,BST1-011,,,,,,,,,,,,,,,,,,,,,,,,,,,,,,,,,,,,,,,,,,,,,,,,,,,,,,,,,,,,,,,,,
BST1-012,4.2,Booster Burnout Accuracy SEP,Analysis,2,,,,,,,,,,,,,,,,,,,BST1-012,,,,,,,,,,,,,,,,,,,,,,,,,,,,,,,,,,,,,,,,,,,,,,,,,,,,,,,,,,,,,,,,,,,,,,,,
BST1-013,4.3,Booster Reliability,Analysis,5,,,,,,,,,,,,,,,,,,,,,,,,BST1-013,BST1-013,BST1-013,,,,,,,,,BST1-013,,BST1-013,,,,,,,,,,,,,,,,,,,,,,,,,,,,,,,,,,,,,,,,,,,,,,,,,,,,,,
BST1-014,4.4,Booster Sustainability,Inspection,2,,,,,,,,,,,,,,,,,,,,,,,,,,BST1-014,,,,,,,,,,,,,,,,,,,,,,,,,,,,,,,,,,,,,,,,,,,,,,,,,,,,,,,,,,,,,,,,,
BST1-016,4.6,Booster RF Emitter Initial Test Requirements,,1,,,,,,,,,,,,,,,,,,,,,,,,,,,BST1-016,,,,,,,,,,,,,,,,,,,,,,,,,,,,,,,,,,,,,,,,,,,,,,,,,,,,,,,,,,,,,,,,
BST1-017,4.7,Booster RF Emitter Data Requirements,Inspection,1,,,,,,,,,,,,,,,,,,,,,,,,,,,BST1-017,,,,,,,,,,,,,,,,,,,,,,,,,,,,,,,,,,,,,,,,,,,,,,,,,,,,,,,,,,,,,,,,
BST1-018,4.8,Booster RF Emitter Design and Test Data,Inspection,1,,,,,,,,,,,,,,,,,,,,,,,,,,,BST1-018,,,,,,,,,,,,,,,,,,,,,,,,,,,,,,,,,,,,,,,,,,,,,,,,,,,,,,,,,,,,,,,,
BST1-019,4.9,Booster Laser System Design Standards,Demonstration,1,,,,,,,,,,,,,,,,,,,,,,,,,,,BST1-019,,,,,,,,,,,,,,,,,,,,,,,,,,,,,,,,,,,,,,,,,,,,,,,,,,,,,,,,,,,,,,,,
BST1-020,5,Booster System Reliability,Test,4,,,,,,,,,,,,,,,,,,,,,,,,,BST1-020,,BST1-020,,,,,,,,BST1-020,,BST1-020,,,,,,,,,,,,,,,,,,,,,,,,,,,,,,,,,,,,,,,,,,,,,,,,,,,,,,
BST1-021,5.1,Booster Single Point Failure,Test,1,,,,,,,,,,,,,,,,,,,,,,,,,,,BST1-021,,,,,,,,,,,,,,,,,,,,,,,,,,,,,,,,,,,,,,,,,,,,,,,,,,,,,,,,,,,,,,,,
BST1-022,5.2,Mass Properties,Test,2,,,,,,,,,,,,,,,,,,,BST1-022,,,,,,,,BST1-022,,,,,,,,,,,,,,,,,,,,,,,,,,,,,,,,,,,,,,,,,,,,,,,,,,,,,,,,,,,,,,,,
BST1-023,5.3,Booster Bent Pin,Test,1,,,,,,,,,,,,,,,,,,,,,,,,,,,BST1-023,,,,,,,,,,,,,,,,,,,,,,,,,,,,,,,,,,,,,,,,,,,,,,,,,,,,,,,,,,,,,,,,
BST1-024,5.4,Booster Radio Frequency (RF) Link,Test,1,,,,,,,,,,,,,,,,,,,,,,,,,,,BST1-024,,,,,,,,,,,,,,,,,,,,,,,,,,,,,,,,,,,,,,,,,,,,,,,,,,,,,,,,,,,,,,,,
BST1-025,5.5,Booster Sneak Circuit,Test,1,,,,,,,,,,,,,,,,,,,,,,,,,,,BST1-025,,,,,,,,,,,,,,,,,,,,,,,,,,,,,,,,,,,,,,,,,,,,,,,,,,,,,,,,,,,,,,,,
CA-001,3.1,Nozzle Control Actuator Power,Test,1,,,,,,,,,,,,,,CA-001,,,,,,,,,,,,,,,,,,,,,,,,,,,,,,,,,,,,,,,,,,,,,,,,,,,,,,,,,,,,,,,,,,,,,,,,,,,,,
CA-002,3.2,Nozzle Control Actuator Sizing,Test,2,,,,,,,,,,,,,CA-002,,,,,CA-002,,,,,,,,,,,,,,,,,,,,,,,,,,,,,,,,,,,,,,,,,,,,,,,,,,,,,,,,,,,,,,,,,,,,,,,,,
CA-003,3.3,Nozzle Control Actuator Humidity,Test,2,,,,,,,,,,,,,CA-003,,,,,,,,,,,,,,,,CA-003,,,,,,,,,,,,,,,,,,,,,,,,,,,,,,,,,,,,,,,,,,,,,,,,,,,,,,,,,,,,,,
CA-004,3.4,Nozzle Control Actuator Enclosure,Test,1,,,,,,,,,,,,,,,CA-004,,,,,,,,,,,,,,,,,,,,,,,,,,,,,,,,,,,,,,,,,,,,,,,,,,,,,,,,,,,,,,,,,,,,,,,,,,,,
CA-005,3.5,Nozzle Control Actuator Motor,Test,1,,,,,,,,,,,,,,,CA-005,,,,,,,,,,,,,,,,,,,,,,,,,,,,,,,,,,,,,,,,,,,,,,,,,,,,,,,,,,,,,,,,,,,,,,,,,,,,
CA-006,3.6,Nozzle Control Actuator Gearing,Test,1,,,,,,,,,,,,,,,CA-006,,,,,,,,,,,,,,,,,,,,,,,,,,,,,,,,,,,,,,,,,,,,,,,,,,,,,,,,,,,,,,,,,,,,,,,,,,,,
CA-007,3.7,Nozzle Control Actuator Drive nut and thrust base assembly,Analysis,2,,,,,,,,,,,,,,,,,CA-007,CA-007,,,,,,,,,,,,,,,,,,,,,,,,,,,,,,,,,,,,,,,,,,,,,,,,,,,,,,,,,,,,,,,,,,,,,,,,,
CA-008,3.8,Nozzle Control Actuator Signal list,Analysis,1,,,,,,,,,,,,,,,CA-008,,,,,,,,,,,,,,,,,,,,,,,,,,,,,,,,,,,,,,,,,,,,,,,,,,,,,,,,,,,,,,,,,,,,,,,,,,,,
CA-009,3.9,Nozzle Control Actuator System clock,Analysis,1,,,,,,,,,,,,,CA-009,,,,,,,,,,,,,,,,,,,,,,,,,,,,,,,,,,,,,,,,,,,,,,,,,,,,,,,,,,,,,,,,,,,,,,,,,,,,,,
CA-010,4,Mass Properties,Analysis;,3,,,,,,,,,,,,,CA-010,,,,CA-010,CA-010,,,,,,,,,,,,,,,,,,,,,,,,,,,,,,,,,,,,,,,,,,,,,,,,,,,,,,,,,,,,,,,,,,,,,,,,,
CA-011,4.1,Nozzle Control Actuator Activation time,,1,,,,,,,,,,,,,,,,,,CA-011,,,,,,,,,,,,,,,,,,,,,,,,,,,,,,,,,,,,,,,,,,,,,,,,,,,,,,,,,,,,,,,,,,,,,,,,,
CA-012,4.2,Nozzle Control Actuator System Reliability,Analysis,2,,,,,,,,,,,,,,,CA-012,CA-012,,,,,,,,,,,,,,,,,,,,,,,,,,,,,,,,,,,,,,,,,,,,,,,,,,,,,,,,,,,,,,,,,,,,,,,,,,,
CA-013,4.3,Nozzle Control Actuator Single Point Failure,Analysis,1,,,,,,,,,,,,,,,,,,CA-013,,,,,,,,,,,,,,,,,,,,,,,,,,,,,,,,,,,,,,,,,,,,,,,,,,,,,,,,,,,,,,,,,,,,,,,,,
CA-014,4.4,Nozzle Control Actuator Fratricide,Inspection,1,,,,,,,,,,,,,,,,,CA-014,,,,,,,,,,,,,,,,,,,,,,,,,,,,,,,,,,,,,,,,,,,,,,,,,,,,,,,,,,,,,,,,,,,,,,,,,,
CA-015,4.5,Nozzle Control Actuator Bent Pin,Inspection,1,,,,,,,,,,,,,,CA-015,,,,,,,,,,,,,,,,,,,,,,,,,,,,,,,,,,,,,,,,,,,,,,,,,,,,,,,,,,,,,,,,,,,,,,,,,,,,,
CA-016,4.6,Nozzle Control Actuator Sneak Circuit,Inspection,2,,,,,,,,,,,,,,,CA-016,,,CA-016,,,,,,,,,,,,,,,,,,,,,,,,,,,,,,,,,,,,,,,,,,,,,,,,,,,,,,,,,,,,,,,,,,,,,,,,,
CA-017,4.7,Nozzle Control Actuator Software and Firmware,Inspection,3,,,,,,,,,,,,,CA-017,,CA-017,CA-017,,,,,,,,,,,,,,,,,,,,,,,,,,,,,,,,,,,,,,,,,,,,,,,,,,,,,,,,,,,,,,,,,,,,,,,,,,,
CA-018,4.8,Nozzle Control Actuator Radiation Analysis,Inspection,1,,,,,,,,,,,,,,,CA-018,,,,,,,,,,,,,,,,,,,,,,,,,,,,,,,,,,,,,,,,,,,,,,,,,,,,,,,,,,,,,,,,,,,,,,,,,,,,
CA-019,4.9,Nozzle Control Actuator Breakup Analysis,Inspection,4,,,,,,,,,,,,,,CA-019,,CA-019,CA-019,,,,,,,,,,,,,,,,,,,,CA-019,,,,,,,,,,,,,,,,,,,,,,,,,,,,,,,,,,,,,,,,,,,,,,,,,,,,,,
CA-021,4.11,Nozzle Slew Rate,Test,1,,,,,,,,,,,,,,,,,,CA-021,,,,,,,,,,,,,,,,,,,,,,,,,,,,,,,,,,,,,,,,,,,,,,,,,,,,,,,,,,,,,,,,,,,,,,,,,
CA-022,4.12,Nozzle Torque,Test,1,,,,,,,,,,,,,,,,,,CA-022,,,,,,,,,,,,,,,,,,,,,,,,,,,,,,,,,,,,,,,,,,,,,,,,,,,,,,,,,,,,,,,,,,,,,,,,,
CA-023,4.13,Nozzle Max Deflection,Test,1,,,,,,,,,,,,,,,,,,CA-023,,,,,,,,,,,,,,,,,,,,,,,,,,,,,,,,,,,,,,,,,,,,,,,,,,,,,,,,,,,,,,,,,,,,,,,,,
CA-024,4.14,TVC Pitch Rise Time,Test,1,,,,,,,,,,,,,,,,,,CA-024,,,,,,,,,,,,,,,,,,,,,,,,,,,,,,,,,,,,,,,,,,,,,,,,,,,,,,,,,,,,,,,,,,,,,,,,,
IMU-005,3.5,Signal list,Test,1,,,IMU-005,,,,,,,,,,,,,,,,,,,,,,,,,,,,,,,,,,,,,,,,,,,,,,,,,,,,,,,,,,,,,,,,,,,,,,,,,,,,,,,,,,,,,,,,
IMU-006,3.6,Signal list,Test,2,,,IMU-006,,,IMU-006,,,,,,,,,,,,,,,,,,,,,,,,,,,,,,,,,,,,,,,,,,,,,,,,,,,,,,,,,,,,,,,,,,,,,,,,,,,,,,,,,,,,,
IMU-007,3.7,System clock,Analysis,3,,,IMU-007,,IMU-007,IMU-007,,,,,,,,,,,,,,,,,,,,,,,,,,,,,,,,,,,,,,,,,,,,,,,,,,,,,,,,,,,,,,,,,,,,,,,,,,,,,,,,,,,,,
IMU-008,3.8,Activation time,Analysis,2,,,,,IMU-008,IMU-008,,,,,,,,,,,,,,,,,,,,,,,,,,,,,,,,,,,,,,,,,,,,,,,,,,,,,,,,,,,,,,,,,,,,,,,,,,,,,,,,,,,,,
IMU-009,3.9,Activation time,Analysis,1,,,,,,IMU-009,,,,,,,,,,,,,,,,,,,,,,,,,,,,,,,,,,,,,,,,,,,,,,,,,,,,,,,,,,,,,,,,,,,,,,,,,,,,,,,,,,,,,
IMU-010,4,Reactivation time,Analysis,1,,,,,,IMU-010,,,,,,,,,,,,,,,,,,,,,,,,,,,,,,,,,,,,,,,,,,,,,,,,,,,,,,,,,,,,,,,,,,,,,,,,,,,,,,,,,,,,,
IMU-011,4.1,Angular rate,Analysis,1,,,,,,IMU-011,,,,,,,,,,,,,,,,,,,,,,,,,,,,,,,,,,,,,,,,,,,,,,,,,,,,,,,,,,,,,,,,,,,,,,,,,,,,,,,,,,,,,
IMU-012,4.2,Operating range,Analysis,1,,,,,,IMU-012,,,,,,,,,,,,,,,,,,,,,,,,,,,,,,,,,,,,,,,,,,,,,,,,,,,,,,,,,,,,,,,,,,,,,,,,,,,,,,,,,,,,,
IMU-013,4.3,Mass Properties,Analysis,3,IMU-013,IMU-013,,,,IMU-013,,,,,,,,,,,,,,,,,,,,,,,,,,,,,,,,,,,,,,,,,,,,,,,,,,,,,,,,,,,,,,,,,,,,,,,,,,,,,,,,,,,,,
IMU-014,4.4,Design and Construction,Analysis,2,,IMU-014,,,,IMU-014,,,,,,,,,,,,,,,,,,,,,,,,,,,,,,,,,,,,,,,,,,,,,,,,,,,,,,,,,,,,,,,,,,,,,,,,,,,,,,,,,,,,,
IMU-015,4.5,Scale factor,Analysis,2,,IMU-015,,,,IMU-015,,,,,,,,,,,,,,,,,,,,,,,,,,,,,,,,,,,,,,,,,,,,,,,,,,,,,,,,,,,,,,,,,,,,,,,,,,,,,,,,,,,,,
IMU-016,4.6,Scale factor,Analysis,1,,,,,,IMU-016,,,,,,,,,,,,,,,,,,,,,,,,,,,,,,,,,,,,,,,,,,,,,,,,,,,,,,,,,,,,,,,,,,,,,,,,,,,,,,,,,,,,,
IMU-017,4.7,Scale factor accuracy,Inspection,1,,,,,,IMU-017,,,,,,,,,,,,,,,,,,,,,,,,,,,,,,,,,,,,,,,,,,,,,,,,,,,,,,,,,,,,,,,,,,,,,,,,,,,,,,,,,,,,,
IMU-018,4.8,Scale factor linearity,Inspection,1,,,,,,IMU-018,,,,,,,,,,,,,,,,,,,,,,,,,,,,,,,,,,,,,,,,,,,,,,,,,,,,,,,,,,,,,,,,,,,,,,,,,,,,,,,,,,,,,
IMU-019,4.9,Output noise,Demonstration,1,,,,,,IMU-019,,,,,,,,,,,,,,,,,,,,,,,,,,,,,,,,,,,,,,,,,,,,,,,,,,,,,,,,,,,,,,,,,,,,,,,,,,,,,,,,,,,,,
IMU-020,5,Resolution,,1,,,,,,IMU-020,,,,,,,,,,,,,,,,,,,,,,,,,,,,,,,,,,,,,,,,,,,,,,,,,,,,,,,,,,,,,,,,,,,,,,,,,,,,,,,,,,,,,
IMU-021,5.1,Bias accuracy,Test,1,,,,,,IMU-021,,,,,,,,,,,,,,,,,,,,,,,,,,,,,,,,,,,,,,,,,,,,,,,,,,,,,,,,,,,,,,,,,,,,,,,,,,,,,,,,,,,,,
IMU-022,5.2,Bias accuracy,Test,2,,,,IMU-022,,IMU-022,,,,,,,,,,,,,,,,,,,,,,,,,,,,,,,,,,,,,,,,,,,,,,,,,,,,,,,,,,,,,,,,,,,,,,,,,,,,,,,,,,,,,
IMU-023,5.3,G-sensitive bias,Test,2,,,,IMU-023,,IMU-023,,,,,,,,,,,,,,,,,,,,,,,,,,,,,,,,,,,,,,,,,,,,,,,,,,,,,,,,,,,,,,,,,,,,,,,,,,,,,,,,,,,,,
IMU-024,5.4,Vibration bias (gyro),Analysis,2,,,,IMU-024,,IMU-024,,,,,,,,,,,,,,,,,,,,,,,,,,,,,,,,,,,,,,,,,,,,,,,,,,,,,,,,,,,,,,,,,,,,,,,,,,,,,,,,,,,,,
IMU-025,5.5,Shock bias (gyro),Analysis,1,,,,,,IMU-025,,,,,,,,,,,,,,,,,,,,,,,,,,,,,,,,,,,,,,,,,,,,,,,,,,,,,,,,,,,,,,,,,,,,,,,,,,,,,,,,,,,,,
IMU-026,5.6,Angle random walk,Analysis,1,,,,,,IMU-026,,,,,,,,,,,,,,,,,,,,,,,,,,,,,,,,,,,,,,,,,,,,,,,,,,,,,,,,,,,,,,,,,,,,,,,,,,,,,,,,,,,,,
BATT-001,3.1,Interface definition,Test,2,,,,,,,BATT-001,BATT-001,,,,,,,,,,,,,,,,,,,,,,,,,,,,,,,,,,,,,,,,,,,,,,,,,,,,,,,,,,,,,,,,,,,,,,,,,,,,,,,,,,,
BATT-002,3.2,Characteristics,Test,1,,,,,,,,,,,,BATT-002,,,,,,,,,,,,,,,,,,,,,,,,,,,,,,,,,,,,,,,,,,,,,,,,,,,,,,,,,,,,,,,,,,,,,,,,,,,,,,,
BATT-003,3.3,Performance,Test,1,,,,,,,,,,,,BATT-003,,,,,,,,,,,,,,,,,,,,,,,,,,,,,,,,,,,,,,,,,,,,,,,,,,,,,,,,,,,,,,,,,,,,,,,,,,,,,,,
BATT-004,3.4,Output power,Test,1,,,,,,,,,,,,BATT-004,,,,,,,,,,,,,,,,,,,,,,,,,,,,,,,,,,,,,,,,,,,,,,,,,,,,,,,,,,,,,,,,,,,,,,,,,,,,,,,
BATT-005,3.5,Battery Reliability,Test,1,,,,,,,,,,BATT-005,,,,,,,,,,,,,,,,,,,,,,,,,,,,,,,,,,,,,,,,,,,,,,,,,,,,,,,,,,,,,,,,,,,,,,,,,,,,,,,,,
BATT-006,3.6,Output power,Test,1,,,,,,,,,,,,BATT-006,,,,,,,,,,,,,,,,,,,,,,,,,,,,,,,,,,,,,,,,,,,,,,,,,,,,,,,,,,,,,,,,,,,,,,,,,,,,,,,
BATT-007,3.7,Power Output Requirements,Analysis,1,,,,,,,,,,,,BATT-007,,,,,,,,,,,,,,,,,,,,,,,,,,,,,,,,,,,,,,,,,,,,,,,,,,,,,,,,,,,,,,,,,,,,,,,,,,,,,,,
BATT-008,3.8,Voltage Output Range,Analysis,2,,,,,,,,,,BATT-008,BATT-008,,,,,,,,,,,,,,,,,,,,,,,,,,,,,,,,,,,,,,,,,,,,,,,,,,,,,,,,,,,,,,,,,,,,,,,,,,,,,,,,
BATT-009,3.9,Voltage Output Range,Analysis,2,,,,,,,,,,BATT-009,BATT-009,,,,,,,,,,,,,,,,,,,,,,,,,,,,,,,,,,,,,,,,,,,,,,,,,,,,,,,,,,,,,,,,,,,,,,,,,,,,,,,,
BATT-010,4,Transient Response,Analysis,2,,,,,,,,,,BATT-010,BATT-010,,,,,,,,,,,,,,,,,,,,,,,,,,,,,,,,,,,,,,,,,,,,,,,,,,,,,,,,,,,,,,,,,,,,,,,,,,,,,,,,
BATT-011,4.1,Load Protection,Analysis;,2,,,,,,,,,,BATT-011,BATT-011,,,,,,,,,,,,,,,,,,,,,,,,,,,,,,,,,,,,,,,,,,,,,,,,,,,,,,,,,,,,,,,,,,,,,,,,,,,,,,,,
BATT-012,4.2,(U)  No load condition.,Analysis,2,,,,,,,,,,BATT-012,BATT-012,,,,,,,,,,,,,,,,,,,,,,,,,,,,,,,,,,,,,,,,,,,,,,,,,,,,,,,,,,,,,,,,,,,,,,,,,,,,,,,,
BATT-013,4.3,Activation method,Demonstration,1,,,,,,,,,,,,BATT-013,,,,,,,,,,,,,,,,,,,,,,,,,,,,,,,,,,,,,,,,,,,,,,,,,,,,,,,,,,,,,,,,,,,,,,,,,,,,,,,
BATT-014,4.4,Activation time,Demonstration,1,,,,,,,,,,,,BATT-014,,,,,,,,,,,,,,,,,,,,,,,,,,,,,,,,,,,,,,,,,,,,,,,,,,,,,,,,,,,,,,,,,,,,,,,,,,,,,,,
BATT-015,4.5,Activation power,Demonstration,2,,,,,,,,,,BATT-015,BATT-015,,,,,,,,,,,,,,,,,,,,,,,,,,,,,,,,,,,,,,,,,,,,,,,,,,,,,,,,,,,,,,,,,,,,,,,,,,,,,,,,
BATT-016,4.6,Laser Initiator,Demonstration,1,,,,,,,,,,,,BATT-016,,,,,,,,,,,,,,,,,,,,,,,,,,,,,,,,,,,,,,,,,,,,,,,,,,,,,,,,,,,,,,,,,,,,,,,,,,,,,,,
BATT-017,4.7,Insulation resistance,Demonstration,1,,,,,,,,,,,,BATT-017,,,,,,,,,,,,,,,,,,,,,,,,,,,,,,,,,,,,,,,,,,,,,,,,,,,,,,,,,,,,,,,,,,,,,,,,,,,,,,,
BATT-018,4.8,Charging current,Demonstration,1,,,,,,,,,,,,BATT-018,,,,,,,,,,,,,,,,,,,,,,,,,,,,,,,,,,,,,,,,,,,,,,,,,,,,,,,,,,,,,,,,,,,,,,,,,,,,,,,
BATT-019,4.9,Continuity,Demonstration,1,,,,,,,,,,,,BATT-019,,,,,,,,,,,,,,,,,,,,,,,,,,,,,,,,,,,,,,,,,,,,,,,,,,,,,,,,,,,,,,,,,,,,,,,,,,,,,,,
BATT-020,5,Polarity,Test,1,,,,,,,,,,,,BATT-020,,,,,,,,,,,,,,,,,,,,,,,,,,,,,,,,,,,,,,,,,,,,,,,,,,,,,,,,,,,,,,,,,,,,,,,,,,,,,,,
BATT-022,5.1,Outline and mounting,Test,1,,,,,,,,BATT-022,,,,,,,,,,,,,,,,,,,,,,,,,,,,,,,,,,,,,,,,,,,,,,,,,,,,,,,,,,,,,,,,,,,,,,,,,,,,,,,,,,,
BATT-023,5.2,Mass properties,Test,1,,,,,,,BATT-023,,,,,,,,,,,,,,,,,,,,,,,,,,,,,,,,,,,,,,,,,,,,,,,,,,,,,,,,,,,,,,,,,,,,,,,,,,,,,,,,,,,,
BATT-024,5.3,Battery weight,Test,1,,,,,,,BATT-024,,,,,,,,,,,,,,,,,,,,,,,,,,,,,,,,,,,,,,,,,,,,,,,,,,,,,,,,,,,,,,,,,,,,,,,,,,,,,,,,,,,,
BATT-025,5.4,Center of Gravity,Test,2,,,,,,,BATT-025,,BATT-025,,,,,,,,,,,,,,,,,,,,,,,,,,,,,,,,,,,,,,,,,,,,,,,,,,,,,,,,,,,,,,,,,,,,,,,,,,,,,,,,,,
FTS-011,3.2.1.22,FTS Data Collection,Demonstration,2,,,,,,,,,,,,,,,,,FTS-011,FTS-011,,,,,,,,,,,,,,,,,,,,,,,,,,,,,,,,,,,,,,,,,,,,,,,,,,,,,,,,,,,,,,,,,,,,,,,,,
FTS-012,3.2.1.23,ECP Data Collection,Demonstration,2,,,,,,,,,,,,,,,,,FTS-012,FTS-012,,,,,,,,,,,,,,,,,,,,,,,,,,,,,,,,,,,,,,,,,,,,,,,,,,,,,,,,,,,,,,,,,,,,,,,,,
FTS-013,3.2.1.30,FTS Functional Requirements,Inspection;,1,,,,,,,,,,,,,,,,,FTS-013,,,,,,,,,,,,,,,,,,,,,,,,,,,,,,,,,,,,,,,,,,,,,,,,,,,,,,,,,,,,,,,,,,,,,,,,,,
FTS-014,3.2.1.31,Command Destruct Signal,Inspection;,1,,,,,,,,,,,,,,,,,,FTS-014,,,,,,,,,,,,,,,,,,,,,,,,,,,,,,,,,,,,,,,,,,,,,,,,,,,,,,,,,,,,,,,,,,,,,,,,,
FTS-017,3.2.1.45,Launch Power State,Demonstration,2,,,,,,,,,,,,,,,,,FTS-017,FTS-017,,,,,,,,,,,,,,,,,,,,,,,,,,,,,,,,,,,,,,,,,,,,,,,,,,,,,,,,,,,,,,,,,,,,,,,,,
FTS-019,3.2.1.47,PM&P Quality,Inspection,2,,,,,,,,,,,,,,,,,FTS-019,FTS-019,,,,,,,,,,,,,,,,,,,,,,,,,,,,,,,,,,,,,,,,,,,,,,,,,,,,,,,,,,,,,,,,,,,,,,,,,
FTS-020,3.2.1.48,Mechanical Design Requirements,Inspection,2,,,,,,,,,,,,,,,,,FTS-020,FTS-020,,,,,,,,,,,,,,,,,,,,,,,,,,,,,,,,,,,,,,,,,,,,,,,,,,,,,,,,,,,,,,,,,,,,,,,,,
FTS-021,3.2.1.53,Electrical Design Requirements,Inspection,2,,,,,,,,,,,,,,,,,FTS-021,FTS-021,,,,,,,,,,,,,,,,,,,,,,,,,,,,,,,,,,,,,,,,,,,,,,,,,,,,,,,,,,,,,,,,,,,,,,,,,
FTS-022,3.2.1.54,Wiring and Harnesses,Analysis,1,,,,,,,,,,,,,,,,,FTS-022,,,,,,,,,,,,,,,,,,,,,,,,,,,,,,,,,,,,,,,,,,,,,,,,,,,,,,,,,,,,,,,,,,,,,,,,,,
FTS-023,3.2.1.56,Interface Connector Bonding,Analysis,1,,,,,,,,,,,,,,,,,FTS-023,,,,,,,,,,,,,,,,,,,,,,,,,,,,,,,,,,,,,,,,,,,,,,,,,,,,,,,,,,,,,,,,,,,,,,,,,,
FTS-026,3.2.1.59,Range Compatibility,Analysis,2,,,,,,,,,,,,,,,,,FTS-026,FTS-026,,,,,,,,,,,,,,,,,,,,,,,,,,,,,,,,,,,,,,,,,,,,,,,,,,,,,,,,,,,,,,,,,,,,,,,,,
